barkai,Ben,Barkai,pswd,MALE
calda,Vašek,Calda,pswd,MALE
cervenka,Matěj,Červenka,pswd,MALE
charvat,Michal,Charvát,pswd,MALE
drobny,Vojtěch,Drobný,pswd,MALE
dvorak,Tomáš,Dvořák,pswd,MALE
friedl,Lukáš,Friedl,pswd,MALE
hajek,Vojtěch,Hájek,pswd,MALE
hamacek,Martin,Hamacek,pswd,MALE
hofman,Jakub,Hofman,pswd,MALE
holy,Matěj,Holý,pswd,MALE
hula,Tomáš,Hůla,pswd,MALE
kacírek,Ondřej,Kačírek,pswd,MALE
koppel,Matyáš,Koppel,pswd,MALE
krasa,Tadeáš,Krása,pswd,MALE
linda,Daniel,Linda,pswd,MALE
matej,Vojtěch,Matěj,pswd,MALE
mydlar,Vojtěch,Mydlář,pswd,MALE
nguyen,Honza,Nguyen,pswd,MALE
niubo,Bruno,Niubo,pswd,MALE
novotny,Ondřej,Novotný,pswd,MALE
poloch,Jan,Poloch,pswd,MALE
rajsky,Matyáš,Rajský,pswd,NON_BINARY
rosic,Martin,Rosič,pswd,MALE
sach,Matěj,Šach,pswd,MALE
sebesta,David,Šebesta,pswd,MALE
sprungl,Ondřej,Šprungl,pswd,MALE
stopa,Šimon,Stopa,pswd,MALE
